<?xml version = '1.0' encoding = 'UTF-8'?>
<Relation class="oracle.dbtools.crest.model.design.logical.Relation" name="Relation_10" directorySegmentName="seg_0" id="43DD166C-6A3D-1B0C-263E-0B5FD8DB1BF6">
<createdBy>Christian</createdBy>
<createdTime>2022-11-13 20:51:21 UTC</createdTime>
<ownerDesignName>datamodeler_cap7_fase3_fiap</ownerDesignName>
<engineerTo>
<item key="040A452A-887E-69CC-B62B-1368C5D0BF5E" value="true"/>
</engineerTo>
<sourcePk>BAF2151B-F39D-84A7-0D04-FD1C96758F34</sourcePk>
<identifying>false</identifying>
<optionalSource>true</optionalSource>
<optionalTarget>false</optionalTarget>
<sourceCardinality>1</sourceCardinality>
<sourceEntity>A6C8AA62-3A01-8994-8ED4-601961278891</sourceEntity>
<targetCardinalityString>*</targetCardinalityString>
<targetEntity>FE44B27E-5B37-2518-39B1-1BEFDD9EF18A</targetEntity>
<transferable>true</transferable>
<deleteRule>NO ACTION</deleteRule>
</Relation>