<?xml version = '1.0' encoding = 'UTF-8'?>
<Relation class="oracle.dbtools.crest.model.design.logical.Relation" name="Relation_14" directorySegmentName="seg_0" id="B648D72B-0561-F45D-C495-E7984A3D3A73">
<createdBy>Christian</createdBy>
<createdTime>2022-11-13 20:53:07 UTC</createdTime>
<ownerDesignName>datamodeler_cap7_fase3_fiap</ownerDesignName>
<engineerTo>
<item key="040A452A-887E-69CC-B62B-1368C5D0BF5E" value="true"/>
</engineerTo>
<sourcePk>2102E676-CB26-84AC-B601-C08F28FB600E</sourcePk>
<identifying>false</identifying>
<optionalSource>true</optionalSource>
<optionalTarget>false</optionalTarget>
<sourceCardinality>1</sourceCardinality>
<sourceEntity>DBD9868C-2F24-4569-5744-A9B535660783</sourceEntity>
<targetCardinalityString>*</targetCardinalityString>
<targetEntity>A061A060-AC9B-659A-2C66-40F6201AB001</targetEntity>
<transferable>true</transferable>
<deleteRule>NO ACTION</deleteRule>
</Relation>