<?xml version = '1.0' encoding = 'UTF-8'?>
<Relation class="oracle.dbtools.crest.model.design.logical.Relation" name="Relation_9" directorySegmentName="seg_0" id="BC709A94-595E-BF70-711B-32E70FAC2480">
<createdBy>Christian</createdBy>
<createdTime>2022-11-13 20:49:04 UTC</createdTime>
<ownerDesignName>datamodeler_cap7_fase3_fiap</ownerDesignName>
<engineerTo>
<item key="040A452A-887E-69CC-B62B-1368C5D0BF5E" value="true"/>
</engineerTo>
<sourcePk>BAF2151B-F39D-84A7-0D04-FD1C96758F34</sourcePk>
<identifying>false</identifying>
<optionalSource>true</optionalSource>
<optionalTarget>false</optionalTarget>
<sourceCardinality>1</sourceCardinality>
<sourceEntity>A6C8AA62-3A01-8994-8ED4-601961278891</sourceEntity>
<targetCardinalityString>*</targetCardinalityString>
<targetEntity>42916A57-D82E-8C02-2290-89B6F739735E</targetEntity>
<transferable>true</transferable>
<deleteRule>NO ACTION</deleteRule>
</Relation>