<?xml version = '1.0' encoding = 'UTF-8'?>
<Relation class="oracle.dbtools.crest.model.design.logical.Relation" name="Relation_15" directorySegmentName="seg_0" id="DD469F14-4E97-269D-0788-92F6CCAAB51C">
<createdBy>Christian</createdBy>
<createdTime>2022-11-13 20:53:45 UTC</createdTime>
<ownerDesignName>datamodeler_cap7_fase3_fiap</ownerDesignName>
<engineerTo>
<item key="040A452A-887E-69CC-B62B-1368C5D0BF5E" value="true"/>
</engineerTo>
<sourcePk>2102E676-CB26-84AC-B601-C08F28FB600E</sourcePk>
<identifying>true</identifying>
<optionalSource>true</optionalSource>
<optionalTarget>false</optionalTarget>
<sourceCardinality>1</sourceCardinality>
<sourceEntity>DBD9868C-2F24-4569-5744-A9B535660783</sourceEntity>
<targetCardinalityString>*</targetCardinalityString>
<targetEntity>A6C8AA62-3A01-8994-8ED4-601961278891</targetEntity>
<transferable>true</transferable>
<deleteRule>NO ACTION</deleteRule>
</Relation>