<?xml version = '1.0' encoding = 'UTF-8'?>
<Entity class="oracle.dbtools.crest.model.design.logical.Entity" directorySegmentName="seg_0" id="42916A57-D82E-8C02-2290-89B6F739735E" name="T_INVESTIMENTOS">
<createdBy>Christian</createdBy>
<createdTime>2022-11-13 20:21:54 UTC</createdTime>
<ownerDesignName>datamodeler_cap7_fase3_fiap</ownerDesignName>
<engineerTo>
<item key="040A452A-887E-69CC-B62B-1368C5D0BF5E" value="true"/>
</engineerTo>
<adequatelyNormalized>NO</adequatelyNormalized>
<expectedVolumes>0</expectedVolumes>
<fwdEngineeringStrategyName>Single Table</fwdEngineeringStrategyName>
<growthPercent>0</growthPercent>
<growthType>Year</growthType>
<maxVolumes>9999999</maxVolumes>
<minVolumes>0</minVolumes>
<normalForm>Third</normalForm>
<attributes itemClass="oracle.dbtools.crest.model.design.logical.Attribute">
<Attribute name="cd_usuario" id="60466174-1412-F955-6EB2-69451F6AEBF1">
<createdBy>Christian</createdBy>
<createdTime>2022-11-13 20:53:45 UTC</createdTime>
<generatorID>BC709A94-595E-BF70-711B-32E70FAC2480</generatorID>
<ownerDesignName>datamodeler_cap7_fase3_fiap</ownerDesignName>
<engineerTo>
<item key="040A452A-887E-69CC-B62B-1368C5D0BF5E" value="true"/>
</engineerTo>
<referedAttribute>B78AD437-B24B-A654-3BD7-DF7C49EF7C85</referedAttribute>
<use>0</use>
<ownDataTypeParameters>,,</ownDataTypeParameters>
</Attribute>
<Attribute name="cd_banco" id="98F3BC9D-174B-CC5E-E423-C0588B5005D1">
<createdBy>Christian</createdBy>
<createdTime>2022-11-13 22:07:52 UTC</createdTime>
<generatorID>BC709A94-595E-BF70-711B-32E70FAC2480</generatorID>
<ownerDesignName>datamodeler_cap7_fase3_fiap</ownerDesignName>
<engineerTo>
<item key="040A452A-887E-69CC-B62B-1368C5D0BF5E" value="true"/>
</engineerTo>
<referedAttribute>A6B83F94-D494-F4DB-67EE-E613F45AB4C7</referedAttribute>
<use>0</use>
<ownDataTypeParameters>,,</ownDataTypeParameters>
</Attribute>
<Attribute name="cd_conta" id="EB96362B-4238-F2EE-96B9-358AFF25789B">
<createdBy>Christian</createdBy>
<createdTime>2022-11-13 22:07:53 UTC</createdTime>
<generatorID>BC709A94-595E-BF70-711B-32E70FAC2480</generatorID>
<ownerDesignName>datamodeler_cap7_fase3_fiap</ownerDesignName>
<engineerTo>
<item key="040A452A-887E-69CC-B62B-1368C5D0BF5E" value="true"/>
</engineerTo>
<referedAttribute>20092E43-2B1B-604B-C0E5-C07550B6447A</referedAttribute>
<use>0</use>
<ownDataTypeParameters>,,</ownDataTypeParameters>
</Attribute>
<Attribute name="tp_investimento" id="3D46028C-D752-BE00-E586-3C3750454E8A">
<createdBy>Christian</createdBy>
<createdTime>2022-11-13 20:25:22 UTC</createdTime>
<ownerDesignName>datamodeler_cap7_fase3_fiap</ownerDesignName>
<engineerTo>
<item key="040A452A-887E-69CC-B62B-1368C5D0BF5E" value="true"/>
</engineerTo>
<use>0</use>
<ownDataTypeParameters>,,</ownDataTypeParameters>
</Attribute>
<Attribute name="ds_investimento" id="D8B56388-4DE1-7F51-09A4-489E2FE8B9F6">
<createdBy>Christian</createdBy>
<createdTime>2022-11-13 20:25:48 UTC</createdTime>
<ownerDesignName>datamodeler_cap7_fase3_fiap</ownerDesignName>
<engineerTo>
<item key="040A452A-887E-69CC-B62B-1368C5D0BF5E" value="true"/>
</engineerTo>
<use>0</use>
<ownDataTypeParameters>,,</ownDataTypeParameters>
</Attribute>
<Attribute name="vl_inv_inicial" id="D2B0E1B4-4D65-782F-8FBA-46463CAB6826">
<createdBy>Christian</createdBy>
<createdTime>2022-11-13 20:49:58 UTC</createdTime>
<ownerDesignName>datamodeler_cap7_fase3_fiap</ownerDesignName>
<engineerTo>
<item key="040A452A-887E-69CC-B62B-1368C5D0BF5E" value="true"/>
</engineerTo>
<nullsAllowed>true</nullsAllowed>
<use>0</use>
<ownDataTypeParameters>,,</ownDataTypeParameters>
</Attribute>
<Attribute name="vl_inv_atual" id="FEC04568-3615-A8BC-2074-023501EAC54D">
<createdBy>Christian</createdBy>
<createdTime>2022-11-13 22:08:43 UTC</createdTime>
<ownerDesignName>datamodeler_cap7_fase3_fiap</ownerDesignName>
<engineerTo>
<item key="040A452A-887E-69CC-B62B-1368C5D0BF5E" value="true"/>
</engineerTo>
<nullsAllowed>true</nullsAllowed>
<use>0</use>
<ownDataTypeParameters>,,</ownDataTypeParameters>
</Attribute>
</attributes>
<identifiers itemClass="oracle.dbtools.crest.model.design.logical.CandidateKey">
<identifier id="ECF7FD77-6A26-6AE0-ADB7-11568D727CC9" name="T_INVESTIMENTOS PK">
<createdBy>Christian</createdBy>
<createdTime>2022-11-13 20:25:03 UTC</createdTime>
<ownerDesignName>datamodeler_cap7_fase3_fiap</ownerDesignName>
<engineerTo>
<item key="040A452A-887E-69CC-B62B-1368C5D0BF5E" value="true"/>
</engineerTo>
<pk>true</pk>
<usedAttributes>
<attributeRef>60466174-1412-F955-6EB2-69451F6AEBF1</attributeRef>
<attributeRef>98F3BC9D-174B-CC5E-E423-C0588B5005D1</attributeRef>
<attributeRef>EB96362B-4238-F2EE-96B9-358AFF25789B</attributeRef>
</usedAttributes>
</identifier>
</identifiers>
</Entity>