<?xml version = '1.0' encoding = 'UTF-8'?>
<Entity class="oracle.dbtools.crest.model.design.logical.Entity" directorySegmentName="seg_0" id="A061A060-AC9B-659A-2C66-40F6201AB001" name="T_FINANCAS_P">
<createdBy>Christian</createdBy>
<createdTime>2022-11-13 20:24:11 UTC</createdTime>
<ownerDesignName>datamodeler_cap7_fase3_fiap</ownerDesignName>
<engineerTo>
<item key="040A452A-887E-69CC-B62B-1368C5D0BF5E" value="true"/>
</engineerTo>
<adequatelyNormalized>NO</adequatelyNormalized>
<expectedVolumes>0</expectedVolumes>
<fwdEngineeringStrategyName>Single Table</fwdEngineeringStrategyName>
<growthPercent>0</growthPercent>
<growthType>Year</growthType>
<maxVolumes>9999999</maxVolumes>
<minVolumes>0</minVolumes>
<normalForm>Third</normalForm>
<attributes itemClass="oracle.dbtools.crest.model.design.logical.Attribute">
<Attribute name="cd_usuario" id="850EFA39-81D4-27B3-F5A4-AB593BAB64FD">
<createdBy>Christian</createdBy>
<createdTime>2022-11-13 20:53:07 UTC</createdTime>
<generatorID>B648D72B-0561-F45D-C495-E7984A3D3A73</generatorID>
<ownerDesignName>datamodeler_cap7_fase3_fiap</ownerDesignName>
<engineerTo>
<item key="040A452A-887E-69CC-B62B-1368C5D0BF5E" value="true"/>
</engineerTo>
<referedAttribute>DE2DE750-3735-D5F1-7DF5-E5EF4BABB6B1</referedAttribute>
<use>0</use>
<ownDataTypeParameters>,,</ownDataTypeParameters>
</Attribute>
<Attribute name="tp_gasto" id="61D3EEE9-F02D-0346-08F0-100A3CAB87B1">
<createdBy>Christian</createdBy>
<createdTime>2022-11-13 20:36:19 UTC</createdTime>
<ownerDesignName>datamodeler_cap7_fase3_fiap</ownerDesignName>
<engineerTo>
<item key="040A452A-887E-69CC-B62B-1368C5D0BF5E" value="true"/>
</engineerTo>
<nullsAllowed>true</nullsAllowed>
<use>0</use>
<ownDataTypeParameters>,,</ownDataTypeParameters>
</Attribute>
<Attribute name="ds_gasto" id="239D9854-91A8-3620-2607-E744D34480B4">
<createdBy>Christian</createdBy>
<createdTime>2022-11-13 20:36:19 UTC</createdTime>
<ownerDesignName>datamodeler_cap7_fase3_fiap</ownerDesignName>
<engineerTo>
<item key="040A452A-887E-69CC-B62B-1368C5D0BF5E" value="true"/>
</engineerTo>
<nullsAllowed>true</nullsAllowed>
<use>0</use>
<ownDataTypeParameters>,,</ownDataTypeParameters>
</Attribute>
<Attribute name="nr_gasto" id="7AA855C9-23F2-A6BB-709C-6ADC0D5B6BB9">
<createdBy>Christian</createdBy>
<createdTime>2022-11-13 20:37:12 UTC</createdTime>
<ownerDesignName>datamodeler_cap7_fase3_fiap</ownerDesignName>
<engineerTo>
<item key="040A452A-887E-69CC-B62B-1368C5D0BF5E" value="true"/>
</engineerTo>
<nullsAllowed>true</nullsAllowed>
<use>0</use>
<ownDataTypeParameters>,,</ownDataTypeParameters>
</Attribute>
</attributes>
<identifiers itemClass="oracle.dbtools.crest.model.design.logical.CandidateKey">
<identifier id="D7B159BA-9C9A-E869-9CF0-D00B2D418DB2" name="T_FINANCAS_P PK">
<createdBy>Christian</createdBy>
<createdTime>2022-11-13 20:37:16 UTC</createdTime>
<ownerDesignName>datamodeler_cap7_fase3_fiap</ownerDesignName>
<engineerTo>
<item key="040A452A-887E-69CC-B62B-1368C5D0BF5E" value="true"/>
</engineerTo>
<pk>true</pk>
<usedAttributes>
<attributeRef>850EFA39-81D4-27B3-F5A4-AB593BAB64FD</attributeRef>
</usedAttributes>
</identifier>
</identifiers>
</Entity>