<?xml version = '1.0' encoding = 'UTF-8'?>
<Entity class="oracle.dbtools.crest.model.design.logical.Entity" directorySegmentName="seg_0" id="A6C8AA62-3A01-8994-8ED4-601961278891" name="T_CONTAS">
<createdBy>Christian</createdBy>
<createdTime>2022-11-13 20:21:40 UTC</createdTime>
<ownerDesignName>datamodeler_cap7_fase3_fiap</ownerDesignName>
<engineerTo>
<item key="040A452A-887E-69CC-B62B-1368C5D0BF5E" value="true"/>
</engineerTo>
<adequatelyNormalized>NO</adequatelyNormalized>
<expectedVolumes>0</expectedVolumes>
<fwdEngineeringStrategyName>Single Table</fwdEngineeringStrategyName>
<growthPercent>0</growthPercent>
<growthType>Year</growthType>
<maxVolumes>9999999</maxVolumes>
<minVolumes>0</minVolumes>
<normalForm>Third</normalForm>
<attributes itemClass="oracle.dbtools.crest.model.design.logical.Attribute">
<Attribute name="cd_usuario" id="B78AD437-B24B-A654-3BD7-DF7C49EF7C85">
<createdBy>Christian</createdBy>
<createdTime>2022-11-13 20:53:45 UTC</createdTime>
<generatorID>DD469F14-4E97-269D-0788-92F6CCAAB51C</generatorID>
<ownerDesignName>datamodeler_cap7_fase3_fiap</ownerDesignName>
<engineerTo>
<item key="040A452A-887E-69CC-B62B-1368C5D0BF5E" value="true"/>
</engineerTo>
<referedAttribute>DE2DE750-3735-D5F1-7DF5-E5EF4BABB6B1</referedAttribute>
<use>0</use>
<ownDataTypeParameters>,,</ownDataTypeParameters>
</Attribute>
<Attribute name="cd_banco" id="A6B83F94-D494-F4DB-67EE-E613F45AB4C7">
<createdBy>Christian</createdBy>
<createdTime>2022-11-13 20:26:59 UTC</createdTime>
<ownerDesignName>datamodeler_cap7_fase3_fiap</ownerDesignName>
<engineerTo>
<item key="040A452A-887E-69CC-B62B-1368C5D0BF5E" value="true"/>
</engineerTo>
<use>0</use>
<ownDataTypeParameters>,,</ownDataTypeParameters>
</Attribute>
<Attribute name="cd_conta" id="20092E43-2B1B-604B-C0E5-C07550B6447A">
<createdBy>Christian</createdBy>
<createdTime>2022-11-13 20:26:59 UTC</createdTime>
<ownerDesignName>datamodeler_cap7_fase3_fiap</ownerDesignName>
<engineerTo>
<item key="040A452A-887E-69CC-B62B-1368C5D0BF5E" value="true"/>
</engineerTo>
<use>0</use>
<ownDataTypeParameters>,,</ownDataTypeParameters>
</Attribute>
</attributes>
<identifiers itemClass="oracle.dbtools.crest.model.design.logical.CandidateKey">
<identifier id="BAF2151B-F39D-84A7-0D04-FD1C96758F34" name="T_CONTAS_C PK">
<createdBy>Christian</createdBy>
<createdTime>2022-11-13 20:30:38 UTC</createdTime>
<ownerDesignName>datamodeler_cap7_fase3_fiap</ownerDesignName>
<engineerTo>
<item key="040A452A-887E-69CC-B62B-1368C5D0BF5E" value="true"/>
</engineerTo>
<pk>true</pk>
<usedAttributes>
<attributeRef>B78AD437-B24B-A654-3BD7-DF7C49EF7C85</attributeRef>
<attributeRef>A6B83F94-D494-F4DB-67EE-E613F45AB4C7</attributeRef>
<attributeRef>20092E43-2B1B-604B-C0E5-C07550B6447A</attributeRef>
</usedAttributes>
</identifier>
</identifiers>
</Entity>