<?xml version = '1.0' encoding = 'UTF-8'?>
<Entity class="oracle.dbtools.crest.model.design.logical.Entity" directorySegmentName="seg_0" id="DBD9868C-2F24-4569-5744-A9B535660783" name="T_USUARIO">
<createdBy>Christian</createdBy>
<createdTime>2022-11-13 20:18:10 UTC</createdTime>
<ownerDesignName>datamodeler_cap7_fase3_fiap</ownerDesignName>
<engineerTo>
<item key="040A452A-887E-69CC-B62B-1368C5D0BF5E" value="true"/>
</engineerTo>
<adequatelyNormalized>NO</adequatelyNormalized>
<expectedVolumes>0</expectedVolumes>
<fwdEngineeringStrategyName>Single Table</fwdEngineeringStrategyName>
<growthPercent>0</growthPercent>
<growthType>Year</growthType>
<maxVolumes>9999999</maxVolumes>
<minVolumes>0</minVolumes>
<normalForm>Third</normalForm>
<attributes itemClass="oracle.dbtools.crest.model.design.logical.Attribute">
<Attribute name="cd_usuario" id="DE2DE750-3735-D5F1-7DF5-E5EF4BABB6B1">
<createdBy>Christian</createdBy>
<createdTime>2022-11-13 20:18:22 UTC</createdTime>
<ownerDesignName>datamodeler_cap7_fase3_fiap</ownerDesignName>
<engineerTo>
<item key="040A452A-887E-69CC-B62B-1368C5D0BF5E" value="true"/>
</engineerTo>
<use>0</use>
<ownDataTypeParameters>,,</ownDataTypeParameters>
</Attribute>
<Attribute name="nm_usuario" id="9FB270F0-9B59-5BFC-C978-7B577347AFCB">
<createdBy>Christian</createdBy>
<createdTime>2022-11-13 20:19:23 UTC</createdTime>
<ownerDesignName>datamodeler_cap7_fase3_fiap</ownerDesignName>
<engineerTo>
<item key="040A452A-887E-69CC-B62B-1368C5D0BF5E" value="true"/>
</engineerTo>
<use>0</use>
<ownDataTypeParameters>,,</ownDataTypeParameters>
</Attribute>
<Attribute name="cd_cpf" id="FBD8B954-DF02-CEAF-54FD-2CED713DEA6D">
<createdBy>Christian</createdBy>
<createdTime>2022-11-13 20:19:34 UTC</createdTime>
<ownerDesignName>datamodeler_cap7_fase3_fiap</ownerDesignName>
<engineerTo>
<item key="040A452A-887E-69CC-B62B-1368C5D0BF5E" value="true"/>
</engineerTo>
<use>0</use>
<ownDataTypeParameters>,,</ownDataTypeParameters>
</Attribute>
<Attribute name="cd_rg" id="CE569CC6-F27C-3D0E-0AA5-6927FE94D7D7">
<createdBy>Christian</createdBy>
<createdTime>2022-11-13 20:19:56 UTC</createdTime>
<ownerDesignName>datamodeler_cap7_fase3_fiap</ownerDesignName>
<engineerTo>
<item key="040A452A-887E-69CC-B62B-1368C5D0BF5E" value="true"/>
</engineerTo>
<use>0</use>
<ownDataTypeParameters>,,</ownDataTypeParameters>
</Attribute>
<Attribute name="ds_telefone" id="461368BF-C693-C400-ACEC-06E71C70CD75">
<createdBy>Christian</createdBy>
<createdTime>2022-11-13 20:20:14 UTC</createdTime>
<ownerDesignName>datamodeler_cap7_fase3_fiap</ownerDesignName>
<engineerTo>
<item key="040A452A-887E-69CC-B62B-1368C5D0BF5E" value="true"/>
</engineerTo>
<use>0</use>
<ownDataTypeParameters>,,</ownDataTypeParameters>
</Attribute>
<Attribute name="ds_endereco" id="1485E4AE-D87F-E172-E673-C064A3B4523B">
<createdBy>Christian</createdBy>
<createdTime>2022-11-13 20:20:15 UTC</createdTime>
<ownerDesignName>datamodeler_cap7_fase3_fiap</ownerDesignName>
<engineerTo>
<item key="040A452A-887E-69CC-B62B-1368C5D0BF5E" value="true"/>
</engineerTo>
<use>0</use>
<ownDataTypeParameters>,,</ownDataTypeParameters>
</Attribute>
<Attribute name="ds_end_cobranca" id="7AC0440B-7D17-9E63-5DA0-CD0615BF1CEE">
<createdBy>Christian</createdBy>
<createdTime>2022-11-13 20:20:15 UTC</createdTime>
<ownerDesignName>datamodeler_cap7_fase3_fiap</ownerDesignName>
<engineerTo>
<item key="040A452A-887E-69CC-B62B-1368C5D0BF5E" value="true"/>
</engineerTo>
<nullsAllowed>true</nullsAllowed>
<use>0</use>
<ownDataTypeParameters>,,</ownDataTypeParameters>
</Attribute>
</attributes>
<identifiers itemClass="oracle.dbtools.crest.model.design.logical.CandidateKey">
<identifier id="2102E676-CB26-84AC-B601-C08F28FB600E" name="T_USUARIO PK">
<createdBy>Christian</createdBy>
<createdTime>2022-11-13 20:18:47 UTC</createdTime>
<ownerDesignName>datamodeler_cap7_fase3_fiap</ownerDesignName>
<engineerTo>
<item key="040A452A-887E-69CC-B62B-1368C5D0BF5E" value="true"/>
</engineerTo>
<pk>true</pk>
<usedAttributes>
<attributeRef>DE2DE750-3735-D5F1-7DF5-E5EF4BABB6B1</attributeRef>
</usedAttributes>
</identifier>
</identifiers>
</Entity>