<?xml version = '1.0' encoding = 'UTF-8'?>
<Entity class="oracle.dbtools.crest.model.design.logical.Entity" directorySegmentName="seg_0" id="FE44B27E-5B37-2518-39B1-1BEFDD9EF18A" name="T_EXTRATOS">
<createdBy>Christian</createdBy>
<createdTime>2022-11-13 20:32:25 UTC</createdTime>
<ownerDesignName>datamodeler_cap7_fase3_fiap</ownerDesignName>
<engineerTo>
<item key="040A452A-887E-69CC-B62B-1368C5D0BF5E" value="true"/>
</engineerTo>
<adequatelyNormalized>NO</adequatelyNormalized>
<expectedVolumes>0</expectedVolumes>
<fwdEngineeringStrategyName>Single Table</fwdEngineeringStrategyName>
<growthPercent>0</growthPercent>
<growthType>Year</growthType>
<maxVolumes>9999999</maxVolumes>
<minVolumes>0</minVolumes>
<normalForm>Third</normalForm>
<attributes itemClass="oracle.dbtools.crest.model.design.logical.Attribute">
<Attribute name="cd_usuario" id="9DED6B87-D6BA-A88E-2E19-9C149E27A4B1">
<createdBy>Christian</createdBy>
<createdTime>2022-11-13 20:53:45 UTC</createdTime>
<generatorID>43DD166C-6A3D-1B0C-263E-0B5FD8DB1BF6</generatorID>
<ownerDesignName>datamodeler_cap7_fase3_fiap</ownerDesignName>
<engineerTo>
<item key="040A452A-887E-69CC-B62B-1368C5D0BF5E" value="true"/>
</engineerTo>
<referedAttribute>B78AD437-B24B-A654-3BD7-DF7C49EF7C85</referedAttribute>
<use>0</use>
<ownDataTypeParameters>,,</ownDataTypeParameters>
</Attribute>
<Attribute name="cd_banco" id="CF14CC4B-50F7-5BEE-A3AF-C74266F74F14">
<createdBy>Christian</createdBy>
<createdTime>2022-11-13 22:07:52 UTC</createdTime>
<generatorID>43DD166C-6A3D-1B0C-263E-0B5FD8DB1BF6</generatorID>
<ownerDesignName>datamodeler_cap7_fase3_fiap</ownerDesignName>
<engineerTo>
<item key="040A452A-887E-69CC-B62B-1368C5D0BF5E" value="true"/>
</engineerTo>
<referedAttribute>A6B83F94-D494-F4DB-67EE-E613F45AB4C7</referedAttribute>
<use>0</use>
<ownDataTypeParameters>,,</ownDataTypeParameters>
</Attribute>
<Attribute name="cd_conta" id="6F94A1A1-FCAA-195C-0EFC-3405F3DBFC75">
<createdBy>Christian</createdBy>
<createdTime>2022-11-13 22:07:53 UTC</createdTime>
<generatorID>43DD166C-6A3D-1B0C-263E-0B5FD8DB1BF6</generatorID>
<ownerDesignName>datamodeler_cap7_fase3_fiap</ownerDesignName>
<engineerTo>
<item key="040A452A-887E-69CC-B62B-1368C5D0BF5E" value="true"/>
</engineerTo>
<referedAttribute>20092E43-2B1B-604B-C0E5-C07550B6447A</referedAttribute>
<use>0</use>
<ownDataTypeParameters>,,</ownDataTypeParameters>
</Attribute>
<Attribute name="vl_saldo" id="7998D708-3B88-7D5D-B492-83B780196B47">
<createdBy>Christian</createdBy>
<createdTime>2022-11-13 20:33:00 UTC</createdTime>
<ownerDesignName>datamodeler_cap7_fase3_fiap</ownerDesignName>
<engineerTo>
<item key="040A452A-887E-69CC-B62B-1368C5D0BF5E" value="true"/>
</engineerTo>
<use>0</use>
<ownDataTypeParameters>,,</ownDataTypeParameters>
</Attribute>
<Attribute name="dt_linha_extrato" id="5DF259A1-E346-4B3D-A59E-2AD64E14D48D">
<createdBy>Christian</createdBy>
<createdTime>2022-11-13 20:33:00 UTC</createdTime>
<ownerDesignName>datamodeler_cap7_fase3_fiap</ownerDesignName>
<engineerTo>
<item key="040A452A-887E-69CC-B62B-1368C5D0BF5E" value="true"/>
</engineerTo>
<nullsAllowed>true</nullsAllowed>
<use>0</use>
<ownDataTypeParameters>,,</ownDataTypeParameters>
</Attribute>
<Attribute name="ds_linha_extrato" id="04BECDCB-D4F0-22FB-0CDE-0C08F8AE67E5">
<createdBy>Christian</createdBy>
<createdTime>2022-11-13 20:33:58 UTC</createdTime>
<ownerDesignName>datamodeler_cap7_fase3_fiap</ownerDesignName>
<engineerTo>
<item key="040A452A-887E-69CC-B62B-1368C5D0BF5E" value="true"/>
</engineerTo>
<nullsAllowed>true</nullsAllowed>
<use>0</use>
<ownDataTypeParameters>,,</ownDataTypeParameters>
</Attribute>
<Attribute name="vl_linha_extrato" id="3A31F2D9-826E-8546-1FAE-654E6AEDD0D3">
<createdBy>Christian</createdBy>
<createdTime>2022-11-13 20:58:48 UTC</createdTime>
<ownerDesignName>datamodeler_cap7_fase3_fiap</ownerDesignName>
<engineerTo>
<item key="040A452A-887E-69CC-B62B-1368C5D0BF5E" value="true"/>
</engineerTo>
<nullsAllowed>true</nullsAllowed>
<use>0</use>
<ownDataTypeParameters>,,</ownDataTypeParameters>
</Attribute>
</attributes>
<identifiers itemClass="oracle.dbtools.crest.model.design.logical.CandidateKey">
<identifier id="9E4CEE3D-D2BD-A90F-7086-5171270389B5" name="T_EXTRATOS PK">
<createdBy>Christian</createdBy>
<createdTime>2022-11-13 20:33:04 UTC</createdTime>
<ownerDesignName>datamodeler_cap7_fase3_fiap</ownerDesignName>
<engineerTo>
<item key="040A452A-887E-69CC-B62B-1368C5D0BF5E" value="true"/>
</engineerTo>
<pk>true</pk>
<usedAttributes>
<attributeRef>9DED6B87-D6BA-A88E-2E19-9C149E27A4B1</attributeRef>
<attributeRef>CF14CC4B-50F7-5BEE-A3AF-C74266F74F14</attributeRef>
<attributeRef>6F94A1A1-FCAA-195C-0EFC-3405F3DBFC75</attributeRef>
</usedAttributes>
</identifier>
</identifiers>
</Entity>