<?xml version = '1.0' encoding = 'UTF-8'?>
<Diagram class="oracle.dbtools.crest.swingui.logical.DPVLogical" name="Logical" id="29288D38-0986-E365-5D91-E330F5213EE5">
<createdBy>Christian</createdBy>
<modifiedBy>Christian</modifiedBy>
<createdTime>2022-11-13 20:18:10 UTC</createdTime>
<autoRoute>false</autoRoute>
<boxInbox>true</boxInbox>
<showLegend>false</showLegend>
<showLabels>false</showLabels>
<showRelAttributes>false</showRelAttributes>
<gridEnabled>false</gridEnabled>
<showGrid>false</showGrid>
<diagramColor>-1</diagramColor>
<display>false</display>
<notation>1</notation>
<objectViews>
<OView class="oracle.dbtools.crest.swingui.logical.TVEntity" oid="42916A57-D82E-8C02-2290-89B6F739735E" otype="Entity" vid="C40A87A3-8683-604E-9C45-E11DFB190AA5">
<hideElementsInCurrentOnly>false</hideElementsInCurrentOnly>
<bounds x="902" y="266" width="356" height="158"/>
</OView>
<OView class="oracle.dbtools.crest.swingui.logical.TVEntity" oid="A061A060-AC9B-659A-2C66-40F6201AB001" otype="Entity" vid="E7E893C1-2D8E-EA95-24D0-BA814DA12F97">
<hideElementsInCurrentOnly>false</hideElementsInCurrentOnly>
<bounds x="175" y="401" width="234" height="123"/>
</OView>
<OView class="oracle.dbtools.crest.swingui.logical.TVEntity" oid="A6C8AA62-3A01-8994-8ED4-601961278891" otype="Entity" vid="5B2CFD59-36A7-F863-B18F-F3EE97F6C504">
<hideElementsInCurrentOnly>false</hideElementsInCurrentOnly>
<bounds x="510" y="172" width="269" height="122"/>
</OView>
<OView class="oracle.dbtools.crest.swingui.logical.TVEntity" oid="DBD9868C-2F24-4569-5744-A9B535660783" otype="Entity" vid="55BA8DEA-52FD-6CDD-2AB7-173066C57F80">
<hideElementsInCurrentOnly>false</hideElementsInCurrentOnly>
<bounds x="166" y="81" width="249" height="157"/>
</OView>
<OView class="oracle.dbtools.crest.swingui.logical.TVEntity" oid="FE44B27E-5B37-2518-39B1-1BEFDD9EF18A" otype="Entity" vid="2DFD9D74-6AF4-9A5D-70C9-FC75643BCF27">
<hideElementsInCurrentOnly>false</hideElementsInCurrentOnly>
<bounds x="924" y="41" width="289" height="157"/>
</OView>
</objectViews>
<connectors>
<Connector class="oracle.dbtools.crest.swingui.logical.TVRelation" oid="43DD166C-6A3D-1B0C-263E-0B5FD8DB1BF6" otype="Relation" vid_source="5B2CFD59-36A7-F863-B18F-F3EE97F6C504" vid_target="2DFD9D74-6AF4-9A5D-70C9-FC75643BCF27">
<hideElementsInCurrentOnly>false</hideElementsInCurrentOnly>
<backgroundColor>-16777216</backgroundColor>
<lineWidth>1</lineWidth>
<points>
<point x="779" y="185"/>
<point x="924" y="185"/>
</points>
</Connector>
<Connector class="oracle.dbtools.crest.swingui.logical.TVRelation" oid="B648D72B-0561-F45D-C495-E7984A3D3A73" otype="Relation" vid_source="55BA8DEA-52FD-6CDD-2AB7-173066C57F80" vid_target="E7E893C1-2D8E-EA95-24D0-BA814DA12F97">
<hideElementsInCurrentOnly>false</hideElementsInCurrentOnly>
<backgroundColor>-16777216</backgroundColor>
<lineWidth>1</lineWidth>
<points>
<point x="307" y="238"/>
<point x="307" y="401"/>
</points>
</Connector>
<Connector class="oracle.dbtools.crest.swingui.logical.TVRelation" oid="BC709A94-595E-BF70-711B-32E70FAC2480" otype="Relation" vid_source="5B2CFD59-36A7-F863-B18F-F3EE97F6C504" vid_target="C40A87A3-8683-604E-9C45-E11DFB190AA5">
<hideElementsInCurrentOnly>false</hideElementsInCurrentOnly>
<backgroundColor>-16777216</backgroundColor>
<lineWidth>1</lineWidth>
<points>
<point x="779" y="280"/>
<point x="902" y="280"/>
</points>
</Connector>
<Connector class="oracle.dbtools.crest.swingui.logical.TVRelation" oid="DD469F14-4E97-269D-0788-92F6CCAAB51C" otype="Relation" vid_source="55BA8DEA-52FD-6CDD-2AB7-173066C57F80" vid_target="5B2CFD59-36A7-F863-B18F-F3EE97F6C504">
<hideElementsInCurrentOnly>false</hideElementsInCurrentOnly>
<backgroundColor>-16777216</backgroundColor>
<lineWidth>1</lineWidth>
<points>
<point x="415" y="220"/>
<point x="510" y="220"/>
</points>
</Connector>
</connectors>
</Diagram>