<?xml version = '1.0' encoding = 'UTF-8'?>
<Table class="oracle.dbtools.crest.model.design.relational.Table" directorySegmentName="seg_0" id="6EC82C0A-9A92-32A2-0595-707CFAF5113C" name="T_EXTRATOS">
<createdBy>Christian</createdBy>
<createdTime>2022-11-13 21:18:28 UTC</createdTime>
<generatorID>FE44B27E-5B37-2518-39B1-1BEFDD9EF18A</generatorID>
<ownerDesignName>datamodeler_cap7_fase3_fiap</ownerDesignName>
<allowColumnReorder>false</allowColumnReorder>
<existDependencyGenerateInDDl>true</existDependencyGenerateInDDl>
<parsed>true</parsed>
<columns itemClass="oracle.dbtools.crest.model.design.relational.Column">
<Column name="T_CONTAS_cd_usuario" id="42D52D8B-2AFE-F4A4-4095-D9DC9B091AB6">
<createdBy>Christian</createdBy>
<createdTime>2022-11-13 21:18:28 UTC</createdTime>
<generatorID>9DED6B87-D6BA-A88E-2E19-9C149E27A4B1</generatorID>
<ownerDesignName>datamodeler_cap7_fase3_fiap</ownerDesignName>
<useDomainConstraints>false</useDomainConstraints>
<use>1</use>
<logicalDatatype>LOGDT011</logicalDatatype>
<ownDataTypeParameters>,,</ownDataTypeParameters>
<previousColumn>false</previousColumn>
<autoIncrementCycle>false</autoIncrementCycle>
<associations>
<colAssociation fkAssociation="CC0AFCF7-1836-1063-2797-AE657AC0EC7C" referredColumn="AAAB31DB-2F19-7260-C578-DD522747A4E4"/>
</associations>
</Column>
<Column name="T_CONTAS_cd_banco" id="B5C63F6B-330B-2C97-94F8-BCD0E0F690D7">
<createdBy>Christian</createdBy>
<createdTime>2022-11-13 22:05:30 UTC</createdTime>
<ownerDesignName>datamodeler_cap7_fase3_fiap</ownerDesignName>
<useDomainConstraints>false</useDomainConstraints>
<use>1</use>
<logicalDatatype>LOGDT019</logicalDatatype>
<dataTypePrecision>3</dataTypePrecision>
<ownDataTypeParameters>,,</ownDataTypeParameters>
<previousColumn>false</previousColumn>
<autoIncrementCycle>false</autoIncrementCycle>
<associations>
<colAssociation fkAssociation="CC0AFCF7-1836-1063-2797-AE657AC0EC7C" referredColumn="E5958EAE-79CD-7E25-64F5-9A6236F04F25"/>
</associations>
</Column>
<Column name="T_CONTAS_cd_conta" id="4DE63B20-1033-799F-E6FD-0A6992EE07F9">
<createdBy>Christian</createdBy>
<createdTime>2022-11-13 22:05:30 UTC</createdTime>
<ownerDesignName>datamodeler_cap7_fase3_fiap</ownerDesignName>
<useDomainConstraints>false</useDomainConstraints>
<use>1</use>
<logicalDatatype>LOGDT019</logicalDatatype>
<dataTypePrecision>15</dataTypePrecision>
<ownDataTypeParameters>,,</ownDataTypeParameters>
<previousColumn>false</previousColumn>
<autoIncrementCycle>false</autoIncrementCycle>
<associations>
<colAssociation fkAssociation="CC0AFCF7-1836-1063-2797-AE657AC0EC7C" referredColumn="9E038092-97BF-E855-7F14-320104B1E87A"/>
</associations>
</Column>
<Column name="vl_saldo" id="24C62607-05F5-DB5B-691E-31DDD6F87F0E">
<createdBy>Christian</createdBy>
<createdTime>2022-11-13 21:18:28 UTC</createdTime>
<generatorID>7998D708-3B88-7D5D-B492-83B780196B47</generatorID>
<ownerDesignName>datamodeler_cap7_fase3_fiap</ownerDesignName>
<useDomainConstraints>false</useDomainConstraints>
<use>1</use>
<logicalDatatype>LOGDT043</logicalDatatype>
<dataTypePrecision>14</dataTypePrecision>
<dataTypeScale>2</dataTypeScale>
<ownDataTypeParameters>,14,2</ownDataTypeParameters>
<autoIncrementCycle>false</autoIncrementCycle>
</Column>
<Column name="dt_linha_extrato" id="B54C9A4D-0623-3D7E-37D7-722B80182474">
<createdBy>Christian</createdBy>
<createdTime>2022-11-13 21:18:28 UTC</createdTime>
<generatorID>5DF259A1-E346-4B3D-A59E-2AD64E14D48D</generatorID>
<ownerDesignName>datamodeler_cap7_fase3_fiap</ownerDesignName>
<nullsAllowed>true</nullsAllowed>
<useDomainConstraints>false</useDomainConstraints>
<use>1</use>
<logicalDatatype>LOGDT007</logicalDatatype>
<ownDataTypeParameters>,,</ownDataTypeParameters>
<autoIncrementCycle>false</autoIncrementCycle>
</Column>
<Column name="ds_linha_extrato" id="889DC132-0ABB-4A49-3F78-A5C2A592D032">
<createdBy>Christian</createdBy>
<createdTime>2022-11-13 21:18:28 UTC</createdTime>
<generatorID>04BECDCB-D4F0-22FB-0CDE-0C08F8AE67E5</generatorID>
<ownerDesignName>datamodeler_cap7_fase3_fiap</ownerDesignName>
<nullsAllowed>true</nullsAllowed>
<useDomainConstraints>false</useDomainConstraints>
<use>1</use>
<logicalDatatype>LOGDT024</logicalDatatype>
<dataTypeSize>20</dataTypeSize>
<ownDataTypeParameters>20,,</ownDataTypeParameters>
<autoIncrementCycle>false</autoIncrementCycle>
</Column>
<Column name="vl_linha_extrato" id="58FFA3F0-C7CB-4C4A-BB0E-13535FEFCB45">
<createdBy>Christian</createdBy>
<createdTime>2022-11-13 21:18:28 UTC</createdTime>
<generatorID>3A31F2D9-826E-8546-1FAE-654E6AEDD0D3</generatorID>
<ownerDesignName>datamodeler_cap7_fase3_fiap</ownerDesignName>
<nullsAllowed>true</nullsAllowed>
<useDomainConstraints>false</useDomainConstraints>
<use>1</use>
<logicalDatatype>LOGDT043</logicalDatatype>
<dataTypePrecision>14</dataTypePrecision>
<dataTypeScale>2</dataTypeScale>
<ownDataTypeParameters>,14,2</ownDataTypeParameters>
<autoIncrementCycle>false</autoIncrementCycle>
</Column>
</columns>
<indexes itemClass="oracle.dbtools.crest.model.design.relational.Index">
<ind_PK_UK id="8C445D39-D2BB-7847-A462-08E240AA6247" name="T_EXTRATOS_PK">
<createdBy>Christian</createdBy>
<createdTime>2022-11-13 21:18:28 UTC</createdTime>
<generatorID>9E4CEE3D-D2BD-A90F-7086-5171270389B5</generatorID>
<ownerDesignName>datamodeler_cap7_fase3_fiap</ownerDesignName>
<pk>true</pk>
<indexState>Primary Constraint</indexState>
<isSurrogateKey>false</isSurrogateKey>
<indexColumnUsage>
<colUsage columnID="42D52D8B-2AFE-F4A4-4095-D9DC9B091AB6"/>
<colUsage columnID="B5C63F6B-330B-2C97-94F8-BCD0E0F690D7"/>
<colUsage columnID="4DE63B20-1033-799F-E6FD-0A6992EE07F9"/>
</indexColumnUsage>
</ind_PK_UK>
<ind_PK_UK id="090AA9F6-CC73-CB52-CB8D-444985F63134" name="T_EXTRATOS_T_CONTAS_C_FK">
<createdBy>Christian</createdBy>
<createdTime>2022-11-13 21:18:28 UTC</createdTime>
<generatorID>43DD166C-6A3D-1B0C-263E-0B5FD8DB1BF6</generatorID>
<ownerDesignName>datamodeler_cap7_fase3_fiap</ownerDesignName>
<indexState>Foreign Key</indexState>
<isSurrogateKey>false</isSurrogateKey>
<indexColumnUsage>
<colUsage columnID="42D52D8B-2AFE-F4A4-4095-D9DC9B091AB6"/>
<colUsage columnID="B5C63F6B-330B-2C97-94F8-BCD0E0F690D7"/>
<colUsage columnID="4DE63B20-1033-799F-E6FD-0A6992EE07F9"/>
</indexColumnUsage>
</ind_PK_UK>
</indexes>
</Table>