<?xml version = '1.0' encoding = 'UTF-8'?>
<Table class="oracle.dbtools.crest.model.design.relational.Table" directorySegmentName="seg_0" id="71FE3956-23A6-9EA1-71C3-A20A45D9EF00" name="T_INVESTIMENTOS">
<createdBy>Christian</createdBy>
<createdTime>2022-11-13 21:18:28 UTC</createdTime>
<generatorID>42916A57-D82E-8C02-2290-89B6F739735E</generatorID>
<ownerDesignName>datamodeler_cap7_fase3_fiap</ownerDesignName>
<allowColumnReorder>false</allowColumnReorder>
<existDependencyGenerateInDDl>true</existDependencyGenerateInDDl>
<parsed>true</parsed>
<columns itemClass="oracle.dbtools.crest.model.design.relational.Column">
<Column name="T_CONTAS_T_USUARIO_cd_usuario" id="5AFE18C0-8373-920C-0F2D-41D697B6B95F">
<createdBy>Christian</createdBy>
<createdTime>2022-11-13 21:18:28 UTC</createdTime>
<generatorID>60466174-1412-F955-6EB2-69451F6AEBF1</generatorID>
<ownerDesignName>datamodeler_cap7_fase3_fiap</ownerDesignName>
<useDomainConstraints>false</useDomainConstraints>
<use>1</use>
<logicalDatatype>LOGDT011</logicalDatatype>
<ownDataTypeParameters>,,</ownDataTypeParameters>
<previousColumn>false</previousColumn>
<autoIncrementCycle>false</autoIncrementCycle>
<associations>
<colAssociation fkAssociation="D262AC4F-7582-1FB3-5463-3D6F3752736F" referredColumn="AAAB31DB-2F19-7260-C578-DD522747A4E4"/>
</associations>
</Column>
<Column name="T_CONTAS_cd_banco" id="3746C18A-CE9A-2206-BA2F-2BDBEFA93CDE">
<createdBy>Christian</createdBy>
<createdTime>2022-11-13 22:05:30 UTC</createdTime>
<ownerDesignName>datamodeler_cap7_fase3_fiap</ownerDesignName>
<useDomainConstraints>false</useDomainConstraints>
<use>1</use>
<logicalDatatype>LOGDT019</logicalDatatype>
<dataTypePrecision>3</dataTypePrecision>
<ownDataTypeParameters>,,</ownDataTypeParameters>
<previousColumn>false</previousColumn>
<autoIncrementCycle>false</autoIncrementCycle>
<associations>
<colAssociation fkAssociation="D262AC4F-7582-1FB3-5463-3D6F3752736F" referredColumn="E5958EAE-79CD-7E25-64F5-9A6236F04F25"/>
</associations>
</Column>
<Column name="T_CONTAS_cd_conta" id="834FFB54-22C8-3679-43B2-2402041AAD9C">
<createdBy>Christian</createdBy>
<createdTime>2022-11-13 22:05:30 UTC</createdTime>
<ownerDesignName>datamodeler_cap7_fase3_fiap</ownerDesignName>
<useDomainConstraints>false</useDomainConstraints>
<use>1</use>
<logicalDatatype>LOGDT019</logicalDatatype>
<dataTypePrecision>15</dataTypePrecision>
<ownDataTypeParameters>,,</ownDataTypeParameters>
<previousColumn>false</previousColumn>
<autoIncrementCycle>false</autoIncrementCycle>
<associations>
<colAssociation fkAssociation="D262AC4F-7582-1FB3-5463-3D6F3752736F" referredColumn="9E038092-97BF-E855-7F14-320104B1E87A"/>
</associations>
</Column>
<Column name="tp_investimento" id="790B6C62-57E5-00D0-12B0-E6608EEDCDFC">
<createdBy>Christian</createdBy>
<createdTime>2022-11-13 21:18:28 UTC</createdTime>
<generatorID>3D46028C-D752-BE00-E586-3C3750454E8A</generatorID>
<ownerDesignName>datamodeler_cap7_fase3_fiap</ownerDesignName>
<useDomainConstraints>false</useDomainConstraints>
<use>1</use>
<logicalDatatype>LOGDT024</logicalDatatype>
<dataTypeSize>20</dataTypeSize>
<ownDataTypeParameters>20,,</ownDataTypeParameters>
<autoIncrementCycle>false</autoIncrementCycle>
</Column>
<Column name="ds_investimento" id="819084B4-1625-2B45-5CA5-E07910219DEF">
<createdBy>Christian</createdBy>
<createdTime>2022-11-13 21:18:28 UTC</createdTime>
<generatorID>D8B56388-4DE1-7F51-09A4-489E2FE8B9F6</generatorID>
<ownerDesignName>datamodeler_cap7_fase3_fiap</ownerDesignName>
<useDomainConstraints>false</useDomainConstraints>
<use>1</use>
<logicalDatatype>LOGDT024</logicalDatatype>
<dataTypeSize>20</dataTypeSize>
<ownDataTypeParameters>20,,</ownDataTypeParameters>
<autoIncrementCycle>false</autoIncrementCycle>
</Column>
<Column name="vl_inv_inicial" id="A0EAB680-AB37-E74E-E416-1B9C0127069E">
<createdBy>Christian</createdBy>
<createdTime>2022-11-13 21:18:28 UTC</createdTime>
<generatorID>D2B0E1B4-4D65-782F-8FBA-46463CAB6826</generatorID>
<ownerDesignName>datamodeler_cap7_fase3_fiap</ownerDesignName>
<nullsAllowed>true</nullsAllowed>
<useDomainConstraints>false</useDomainConstraints>
<use>1</use>
<logicalDatatype>LOGDT043</logicalDatatype>
<dataTypePrecision>14</dataTypePrecision>
<dataTypeScale>2</dataTypeScale>
<ownDataTypeParameters>,14,2</ownDataTypeParameters>
<autoIncrementCycle>false</autoIncrementCycle>
</Column>
<Column name="vl_inv_atual" id="38EB496F-0244-1656-2A7C-8DEC1AF685CE">
<createdBy>Christian</createdBy>
<createdTime>2022-11-13 21:32:58 UTC</createdTime>
<ownerDesignName>datamodeler_cap7_fase3_fiap</ownerDesignName>
<nullsAllowed>true</nullsAllowed>
<useDomainConstraints>false</useDomainConstraints>
<use>1</use>
<logicalDatatype>LOGDT043</logicalDatatype>
<dataTypePrecision>14</dataTypePrecision>
<dataTypeScale>2</dataTypeScale>
<ownDataTypeParameters>,14,2</ownDataTypeParameters>
<autoIncrementCycle>false</autoIncrementCycle>
</Column>
</columns>
<indexes itemClass="oracle.dbtools.crest.model.design.relational.Index">
<ind_PK_UK id="550DFEC9-58AA-5931-3628-8A83057420E0" name="T_INVESTIMENTOS_PK">
<createdBy>Christian</createdBy>
<createdTime>2022-11-13 21:18:28 UTC</createdTime>
<generatorID>ECF7FD77-6A26-6AE0-ADB7-11568D727CC9</generatorID>
<ownerDesignName>datamodeler_cap7_fase3_fiap</ownerDesignName>
<pk>true</pk>
<indexState>Primary Constraint</indexState>
<isSurrogateKey>false</isSurrogateKey>
<indexColumnUsage>
<colUsage columnID="5AFE18C0-8373-920C-0F2D-41D697B6B95F"/>
<colUsage columnID="3746C18A-CE9A-2206-BA2F-2BDBEFA93CDE"/>
<colUsage columnID="834FFB54-22C8-3679-43B2-2402041AAD9C"/>
</indexColumnUsage>
</ind_PK_UK>
<ind_PK_UK id="21DD5034-934B-6E72-C9E1-4EE120541F8A" name="T_INVESTIMENTOS_T_CONTAS_C_FK">
<createdBy>Christian</createdBy>
<createdTime>2022-11-13 21:18:28 UTC</createdTime>
<generatorID>BC709A94-595E-BF70-711B-32E70FAC2480</generatorID>
<ownerDesignName>datamodeler_cap7_fase3_fiap</ownerDesignName>
<indexState>Foreign Key</indexState>
<isSurrogateKey>false</isSurrogateKey>
<indexColumnUsage>
<colUsage columnID="5AFE18C0-8373-920C-0F2D-41D697B6B95F"/>
<colUsage columnID="3746C18A-CE9A-2206-BA2F-2BDBEFA93CDE"/>
<colUsage columnID="834FFB54-22C8-3679-43B2-2402041AAD9C"/>
</indexColumnUsage>
</ind_PK_UK>
</indexes>
</Table>