<?xml version = '1.0' encoding = 'UTF-8'?>
<Table class="oracle.dbtools.crest.model.design.relational.Table" directorySegmentName="seg_0" id="7618768D-FA52-82F3-74AA-B7FA098F5E18" name="T_USUARIO">
<createdBy>Christian</createdBy>
<createdTime>2022-11-13 21:18:28 UTC</createdTime>
<generatorID>DBD9868C-2F24-4569-5744-A9B535660783</generatorID>
<ownerDesignName>datamodeler_cap7_fase3_fiap</ownerDesignName>
<allowColumnReorder>false</allowColumnReorder>
<existDependencyGenerateInDDl>true</existDependencyGenerateInDDl>
<parsed>true</parsed>
<columns itemClass="oracle.dbtools.crest.model.design.relational.Column">
<Column name="cd_usuario" id="895CE64C-27F3-352A-F7B2-E5B02CC11526">
<createdBy>Christian</createdBy>
<createdTime>2022-11-13 21:18:28 UTC</createdTime>
<generatorID>DE2DE750-3735-D5F1-7DF5-E5EF4BABB6B1</generatorID>
<ownerDesignName>datamodeler_cap7_fase3_fiap</ownerDesignName>
<useDomainConstraints>false</useDomainConstraints>
<use>1</use>
<logicalDatatype>LOGDT011</logicalDatatype>
<ownDataTypeParameters>,,</ownDataTypeParameters>
<autoIncrementCycle>false</autoIncrementCycle>
</Column>
<Column name="nm_usuario" id="1EBDB32A-99D3-CBA8-9B61-5958583D7F57">
<createdBy>Christian</createdBy>
<createdTime>2022-11-13 21:18:28 UTC</createdTime>
<generatorID>9FB270F0-9B59-5BFC-C978-7B577347AFCB</generatorID>
<ownerDesignName>datamodeler_cap7_fase3_fiap</ownerDesignName>
<useDomainConstraints>false</useDomainConstraints>
<use>1</use>
<logicalDatatype>LOGDT024</logicalDatatype>
<dataTypeSize>8,40</dataTypeSize>
<ownDataTypeParameters>8,40,,</ownDataTypeParameters>
<autoIncrementCycle>false</autoIncrementCycle>
</Column>
<Column name="cd_cpf" id="68E7980F-9877-5D74-8EAC-540EC256A5E9">
<createdBy>Christian</createdBy>
<createdTime>2022-11-13 21:18:28 UTC</createdTime>
<generatorID>FBD8B954-DF02-CEAF-54FD-2CED713DEA6D</generatorID>
<ownerDesignName>datamodeler_cap7_fase3_fiap</ownerDesignName>
<useDomainConstraints>false</useDomainConstraints>
<use>1</use>
<logicalDatatype>LOGDT019</logicalDatatype>
<dataTypePrecision>11</dataTypePrecision>
<ownDataTypeParameters>,11,</ownDataTypeParameters>
<autoIncrementCycle>false</autoIncrementCycle>
</Column>
<Column name="cd_rg" id="E27E665B-64FE-A647-B2CF-63D12042B143">
<createdBy>Christian</createdBy>
<createdTime>2022-11-13 21:18:28 UTC</createdTime>
<generatorID>CE569CC6-F27C-3D0E-0AA5-6927FE94D7D7</generatorID>
<ownerDesignName>datamodeler_cap7_fase3_fiap</ownerDesignName>
<useDomainConstraints>false</useDomainConstraints>
<use>1</use>
<logicalDatatype>LOGDT024</logicalDatatype>
<dataTypeSize>7,15</dataTypeSize>
<ownDataTypeParameters>7,15,,</ownDataTypeParameters>
<autoIncrementCycle>false</autoIncrementCycle>
</Column>
<Column name="nr_ddd" id="D2690FA7-F8C2-7000-9F01-86519DF259C6">
<createdBy>Christian</createdBy>
<createdTime>2022-11-13 21:24:37 UTC</createdTime>
<ownerDesignName>datamodeler_cap7_fase3_fiap</ownerDesignName>
<nullsAllowed>true</nullsAllowed>
<useDomainConstraints>false</useDomainConstraints>
<use>1</use>
<logicalDatatype>LOGDT019</logicalDatatype>
<dataTypePrecision>2</dataTypePrecision>
<ownDataTypeParameters>,2,</ownDataTypeParameters>
<autoIncrementCycle>false</autoIncrementCycle>
</Column>
<Column name="nr_telefone" id="FAE364E2-DC62-F51E-DB13-0F9C238A651E">
<createdBy>Christian</createdBy>
<createdTime>2022-11-13 21:18:28 UTC</createdTime>
<generatorID>461368BF-C693-C400-ACEC-06E71C70CD75</generatorID>
<ownerDesignName>datamodeler_cap7_fase3_fiap</ownerDesignName>
<useDomainConstraints>false</useDomainConstraints>
<use>1</use>
<logicalDatatype>LOGDT019</logicalDatatype>
<dataTypePrecision>9</dataTypePrecision>
<ownDataTypeParameters>,9,</ownDataTypeParameters>
<autoIncrementCycle>false</autoIncrementCycle>
</Column>
<Column name="ds_endereco" id="6CC679D5-8D4B-BEE5-DF9A-A888D50C3837">
<createdBy>Christian</createdBy>
<createdTime>2022-11-13 21:18:28 UTC</createdTime>
<generatorID>1485E4AE-D87F-E172-E673-C064A3B4523B</generatorID>
<ownerDesignName>datamodeler_cap7_fase3_fiap</ownerDesignName>
<useDomainConstraints>false</useDomainConstraints>
<use>1</use>
<logicalDatatype>LOGDT024</logicalDatatype>
<dataTypeSize>40</dataTypeSize>
<ownDataTypeParameters>40,,</ownDataTypeParameters>
<autoIncrementCycle>false</autoIncrementCycle>
</Column>
<Column name="ds_end_cobranca" id="DCBFB9F6-7117-53E4-8F35-059C5944D957">
<createdBy>Christian</createdBy>
<createdTime>2022-11-13 21:18:28 UTC</createdTime>
<generatorID>7AC0440B-7D17-9E63-5DA0-CD0615BF1CEE</generatorID>
<ownerDesignName>datamodeler_cap7_fase3_fiap</ownerDesignName>
<nullsAllowed>true</nullsAllowed>
<useDomainConstraints>false</useDomainConstraints>
<use>1</use>
<logicalDatatype>LOGDT024</logicalDatatype>
<dataTypeSize>40</dataTypeSize>
<ownDataTypeParameters>40,,</ownDataTypeParameters>
<autoIncrementCycle>false</autoIncrementCycle>
</Column>
</columns>
<indexes itemClass="oracle.dbtools.crest.model.design.relational.Index">
<ind_PK_UK id="EBD28B67-6A16-DFBA-854C-80F9E4F182E2" name="T_USUARIO_PK">
<createdBy>Christian</createdBy>
<createdTime>2022-11-13 21:18:28 UTC</createdTime>
<generatorID>2102E676-CB26-84AC-B601-C08F28FB600E</generatorID>
<ownerDesignName>datamodeler_cap7_fase3_fiap</ownerDesignName>
<pk>true</pk>
<indexState>Primary Constraint</indexState>
<isSurrogateKey>false</isSurrogateKey>
<indexColumnUsage>
<colUsage columnID="895CE64C-27F3-352A-F7B2-E5B02CC11526"/>
</indexColumnUsage>
</ind_PK_UK>
</indexes>
</Table>