<?xml version = '1.0' encoding = 'UTF-8'?>
<Table class="oracle.dbtools.crest.model.design.relational.Table" directorySegmentName="seg_0" id="B38FD6D9-7C03-F65B-D1B6-1C6C9B398E44" name="T_CONTAS">
<createdBy>Christian</createdBy>
<createdTime>2022-11-13 21:18:28 UTC</createdTime>
<generatorID>A6C8AA62-3A01-8994-8ED4-601961278891</generatorID>
<ownerDesignName>datamodeler_cap7_fase3_fiap</ownerDesignName>
<ordsAlias>t_contas_c</ordsAlias>
<allowColumnReorder>false</allowColumnReorder>
<existDependencyGenerateInDDl>true</existDependencyGenerateInDDl>
<parsed>true</parsed>
<columns itemClass="oracle.dbtools.crest.model.design.relational.Column">
<Column name="T_USUARIO_cd_usuario" id="AAAB31DB-2F19-7260-C578-DD522747A4E4">
<createdBy>Christian</createdBy>
<createdTime>2022-11-13 21:18:28 UTC</createdTime>
<generatorID>B78AD437-B24B-A654-3BD7-DF7C49EF7C85</generatorID>
<ownerDesignName>datamodeler_cap7_fase3_fiap</ownerDesignName>
<useDomainConstraints>false</useDomainConstraints>
<use>1</use>
<logicalDatatype>LOGDT011</logicalDatatype>
<ownDataTypeParameters>,,</ownDataTypeParameters>
<previousColumn>false</previousColumn>
<autoIncrementCycle>false</autoIncrementCycle>
<associations>
<colAssociation fkAssociation="4EE3C06A-A5AC-4A30-0F2A-2BB4500E45FD" referredColumn="895CE64C-27F3-352A-F7B2-E5B02CC11526"/>
</associations>
</Column>
<Column name="cd_banco" id="E5958EAE-79CD-7E25-64F5-9A6236F04F25">
<createdBy>Christian</createdBy>
<createdTime>2022-11-13 21:18:28 UTC</createdTime>
<generatorID>A6B83F94-D494-F4DB-67EE-E613F45AB4C7</generatorID>
<ownerDesignName>datamodeler_cap7_fase3_fiap</ownerDesignName>
<useDomainConstraints>false</useDomainConstraints>
<use>1</use>
<logicalDatatype>LOGDT019</logicalDatatype>
<dataTypePrecision>3</dataTypePrecision>
<ownDataTypeParameters>,3,</ownDataTypeParameters>
<autoIncrementCycle>false</autoIncrementCycle>
</Column>
<Column name="cd_conta" id="9E038092-97BF-E855-7F14-320104B1E87A">
<createdBy>Christian</createdBy>
<createdTime>2022-11-13 21:18:28 UTC</createdTime>
<generatorID>20092E43-2B1B-604B-C0E5-C07550B6447A</generatorID>
<ownerDesignName>datamodeler_cap7_fase3_fiap</ownerDesignName>
<useDomainConstraints>false</useDomainConstraints>
<use>1</use>
<logicalDatatype>LOGDT019</logicalDatatype>
<dataTypePrecision>15</dataTypePrecision>
<ownDataTypeParameters>,15,</ownDataTypeParameters>
<autoIncrementCycle>false</autoIncrementCycle>
</Column>
</columns>
<indexes itemClass="oracle.dbtools.crest.model.design.relational.Index">
<ind_PK_UK id="71CC6B24-D832-6D4C-B150-70D1FE1A9281" name="T_CONTAS_C_PK">
<createdBy>Christian</createdBy>
<createdTime>2022-11-13 21:18:28 UTC</createdTime>
<generatorID>BAF2151B-F39D-84A7-0D04-FD1C96758F34</generatorID>
<ownerDesignName>datamodeler_cap7_fase3_fiap</ownerDesignName>
<pk>true</pk>
<indexState>Primary Constraint</indexState>
<isSurrogateKey>false</isSurrogateKey>
<indexColumnUsage>
<colUsage columnID="AAAB31DB-2F19-7260-C578-DD522747A4E4"/>
<colUsage columnID="E5958EAE-79CD-7E25-64F5-9A6236F04F25"/>
<colUsage columnID="9E038092-97BF-E855-7F14-320104B1E87A"/>
</indexColumnUsage>
</ind_PK_UK>
<ind_PK_UK id="E18BDFC4-FEDD-85F7-DACF-006FBEFC47F4" name="T_CONTAS_C_T_USUARIO_FK">
<createdBy>Christian</createdBy>
<createdTime>2022-11-13 21:18:28 UTC</createdTime>
<generatorID>DD469F14-4E97-269D-0788-92F6CCAAB51C</generatorID>
<ownerDesignName>datamodeler_cap7_fase3_fiap</ownerDesignName>
<indexState>Foreign Key</indexState>
<isSurrogateKey>false</isSurrogateKey>
<indexColumnUsage>
<colUsage columnID="AAAB31DB-2F19-7260-C578-DD522747A4E4"/>
</indexColumnUsage>
</ind_PK_UK>
</indexes>
</Table>