<?xml version = '1.0' encoding = 'UTF-8'?>
<Table class="oracle.dbtools.crest.model.design.relational.Table" directorySegmentName="seg_0" id="CBB250CA-1DA9-41C6-8675-DF0A6CE7CEB7" name="T_FINANCAS_P">
<createdBy>Christian</createdBy>
<createdTime>2022-11-13 21:18:28 UTC</createdTime>
<generatorID>A061A060-AC9B-659A-2C66-40F6201AB001</generatorID>
<ownerDesignName>datamodeler_cap7_fase3_fiap</ownerDesignName>
<allowColumnReorder>false</allowColumnReorder>
<existDependencyGenerateInDDl>true</existDependencyGenerateInDDl>
<parsed>true</parsed>
<columns itemClass="oracle.dbtools.crest.model.design.relational.Column">
<Column name="T_USUARIO_cd_usuario" id="87316E09-5A8F-D814-EDE0-7489617140A4">
<createdBy>Christian</createdBy>
<createdTime>2022-11-13 21:18:28 UTC</createdTime>
<generatorID>850EFA39-81D4-27B3-F5A4-AB593BAB64FD</generatorID>
<ownerDesignName>datamodeler_cap7_fase3_fiap</ownerDesignName>
<useDomainConstraints>false</useDomainConstraints>
<use>1</use>
<logicalDatatype>LOGDT011</logicalDatatype>
<ownDataTypeParameters>,,</ownDataTypeParameters>
<previousColumn>false</previousColumn>
<autoIncrementCycle>false</autoIncrementCycle>
<associations>
<colAssociation fkAssociation="2B405602-6D84-27A6-9238-9E4F940AD816" referredColumn="895CE64C-27F3-352A-F7B2-E5B02CC11526"/>
</associations>
</Column>
<Column name="tp_gasto" id="2F86CB20-AC34-1D74-FFD4-DDE1A90C1C06">
<createdBy>Christian</createdBy>
<createdTime>2022-11-13 21:18:28 UTC</createdTime>
<generatorID>61D3EEE9-F02D-0346-08F0-100A3CAB87B1</generatorID>
<ownerDesignName>datamodeler_cap7_fase3_fiap</ownerDesignName>
<nullsAllowed>true</nullsAllowed>
<useDomainConstraints>false</useDomainConstraints>
<use>1</use>
<logicalDatatype>LOGDT024</logicalDatatype>
<dataTypeSize>20</dataTypeSize>
<ownDataTypeParameters>20,,</ownDataTypeParameters>
<autoIncrementCycle>false</autoIncrementCycle>
</Column>
<Column name="ds_gasto" id="43DA9A91-9A80-A0A4-E420-3C6A3C7B5EBB">
<createdBy>Christian</createdBy>
<createdTime>2022-11-13 21:18:28 UTC</createdTime>
<generatorID>239D9854-91A8-3620-2607-E744D34480B4</generatorID>
<ownerDesignName>datamodeler_cap7_fase3_fiap</ownerDesignName>
<nullsAllowed>true</nullsAllowed>
<useDomainConstraints>false</useDomainConstraints>
<use>1</use>
<logicalDatatype>LOGDT024</logicalDatatype>
<dataTypeSize>20</dataTypeSize>
<ownDataTypeParameters>20,,</ownDataTypeParameters>
<autoIncrementCycle>false</autoIncrementCycle>
</Column>
<Column name="vl_gasto" id="2BB08D51-7270-B743-D13F-5901603BCD8F">
<createdBy>Christian</createdBy>
<createdTime>2022-11-13 21:18:28 UTC</createdTime>
<generatorID>7AA855C9-23F2-A6BB-709C-6ADC0D5B6BB9</generatorID>
<ownerDesignName>datamodeler_cap7_fase3_fiap</ownerDesignName>
<nullsAllowed>true</nullsAllowed>
<useDomainConstraints>false</useDomainConstraints>
<use>1</use>
<logicalDatatype>LOGDT043</logicalDatatype>
<dataTypePrecision>14</dataTypePrecision>
<dataTypeScale>2</dataTypeScale>
<ownDataTypeParameters>,14,2</ownDataTypeParameters>
<autoIncrementCycle>false</autoIncrementCycle>
</Column>
</columns>
<indexes itemClass="oracle.dbtools.crest.model.design.relational.Index">
<ind_PK_UK id="B22BDA05-306B-0EE0-C155-C1915454124F" name="T_FINANCAS_P_PK">
<createdBy>Christian</createdBy>
<createdTime>2022-11-13 21:18:28 UTC</createdTime>
<generatorID>D7B159BA-9C9A-E869-9CF0-D00B2D418DB2</generatorID>
<ownerDesignName>datamodeler_cap7_fase3_fiap</ownerDesignName>
<pk>true</pk>
<indexState>Primary Constraint</indexState>
<isSurrogateKey>false</isSurrogateKey>
<indexColumnUsage>
<colUsage columnID="87316E09-5A8F-D814-EDE0-7489617140A4"/>
</indexColumnUsage>
</ind_PK_UK>
<ind_PK_UK id="892F0A7F-B333-8CAE-C1EF-770ABA1A5F5F" name="T_FINANCAS_P_T_USUARIO_FK">
<createdBy>Christian</createdBy>
<createdTime>2022-11-13 21:18:28 UTC</createdTime>
<generatorID>B648D72B-0561-F45D-C495-E7984A3D3A73</generatorID>
<ownerDesignName>datamodeler_cap7_fase3_fiap</ownerDesignName>
<indexState>Foreign Key</indexState>
<isSurrogateKey>false</isSurrogateKey>
<indexColumnUsage>
<colUsage columnID="87316E09-5A8F-D814-EDE0-7489617140A4"/>
</indexColumnUsage>
</ind_PK_UK>
</indexes>
</Table>