<?xml version = '1.0' encoding = 'UTF-8'?>
<relationalModel class="oracle.dbtools.crest.model.design.relational.RelationalDesign" name="Relational_1" id="040A452A-887E-69CC-B62B-1368C5D0BF5E" mainViewID="A92E83CF-8E01-FE70-BD03-46EDDD1F70AF">
<createdBy>Christian</createdBy>
<createdTime>2022-11-13 18:36:10 UTC</createdTime>
<ownerDesignName>datamodeler_cap7_fase3_fiap</ownerDesignName>
<shouldBeOpen>false</shouldBeOpen>
<selectedRDBMSSite>32076570-2523-435C-2E92-BF29817DFF70</selectedRDBMSSite>
</relationalModel>