<?xml version = '1.0' encoding = 'UTF-8'?>
<Diagram class="oracle.dbtools.crest.swingui.relational.DPVRelational" name="Relational_1" id="A92E83CF-8E01-FE70-BD03-46EDDD1F70AF">
<createdBy>Christian</createdBy>
<modifiedBy>Christian</modifiedBy>
<createdTime>2022-11-13 21:01:26 UTC</createdTime>
<autoRoute>false</autoRoute>
<boxInbox>true</boxInbox>
<showLegend>false</showLegend>
<showLabels>false</showLabels>
<showRelAttributes>false</showRelAttributes>
<gridEnabled>false</gridEnabled>
<showGrid>false</showGrid>
<diagramColor>-1</diagramColor>
<display>false</display>
<notation>1</notation>
<objectViews>
<OView class="oracle.dbtools.crest.swingui.relational.TVTable" oid="6EC82C0A-9A92-32A2-0595-707CFAF5113C" otype="Table" vid="172505CB-D526-5679-4500-238E370D312E">
<hideElementsInCurrentOnly>false</hideElementsInCurrentOnly>
<bounds x="831" y="26" width="553" height="182"/>
</OView>
<OView class="oracle.dbtools.crest.swingui.relational.TVTable" oid="71FE3956-23A6-9EA1-71C3-A20A45D9EF00" otype="Table" vid="55D4F560-2881-632C-AAC8-F7D8F0D629BB">
<hideElementsInCurrentOnly>false</hideElementsInCurrentOnly>
<bounds x="823" y="264" width="638" height="169"/>
</OView>
<OView class="oracle.dbtools.crest.swingui.relational.TVTable" oid="7618768D-FA52-82F3-74AA-B7FA098F5E18" otype="Table" vid="1034A36A-6040-83B7-FAAD-A86A58245020">
<hideElementsInCurrentOnly>false</hideElementsInCurrentOnly>
<bounds x="59" y="103" width="249" height="157"/>
</OView>
<OView class="oracle.dbtools.crest.swingui.relational.TVTable" oid="B38FD6D9-7C03-F65B-D1B6-1C6C9B398E44" otype="Table" vid="93D1D593-217B-F5CB-DA0D-9F5AE3976124">
<hideElementsInCurrentOnly>false</hideElementsInCurrentOnly>
<bounds x="388" y="177" width="348" height="122"/>
</OView>
<OView class="oracle.dbtools.crest.swingui.relational.TVTable" oid="CBB250CA-1DA9-41C6-8675-DF0A6CE7CEB7" otype="Table" vid="FB672E5F-A68E-9CBC-C5AC-03A6FEAE672F">
<hideElementsInCurrentOnly>false</hideElementsInCurrentOnly>
<bounds x="52" y="388" width="327" height="123"/>
</OView>
</objectViews>
<connectors>
<Connector class="oracle.dbtools.crest.swingui.relational.TVFKRelation" oid="2B405602-6D84-27A6-9238-9E4F940AD816" otype="FKIndexAssociation" vid_source="1034A36A-6040-83B7-FAAD-A86A58245020" vid_target="FB672E5F-A68E-9CBC-C5AC-03A6FEAE672F">
<hideElementsInCurrentOnly>false</hideElementsInCurrentOnly>
<backgroundColor>-16777216</backgroundColor>
<lineWidth>1</lineWidth>
<points>
<point x="183" y="260"/>
<point x="183" y="388"/>
</points>
</Connector>
<Connector class="oracle.dbtools.crest.swingui.relational.TVFKRelation" oid="4EE3C06A-A5AC-4A30-0F2A-2BB4500E45FD" otype="FKIndexAssociation" vid_source="1034A36A-6040-83B7-FAAD-A86A58245020" vid_target="93D1D593-217B-F5CB-DA0D-9F5AE3976124">
<hideElementsInCurrentOnly>false</hideElementsInCurrentOnly>
<backgroundColor>-16777216</backgroundColor>
<lineWidth>1</lineWidth>
<points>
<point x="308" y="218"/>
<point x="388" y="218"/>
</points>
</Connector>
<Connector class="oracle.dbtools.crest.swingui.relational.TVFKRelation" oid="CC0AFCF7-1836-1063-2797-AE657AC0EC7C" otype="FKIndexAssociation" vid_source="93D1D593-217B-F5CB-DA0D-9F5AE3976124" vid_target="172505CB-D526-5679-4500-238E370D312E">
<hideElementsInCurrentOnly>false</hideElementsInCurrentOnly>
<backgroundColor>-16777216</backgroundColor>
<lineWidth>1</lineWidth>
<points>
<point x="736" y="192"/>
<point x="831" y="192"/>
</points>
</Connector>
<Connector class="oracle.dbtools.crest.swingui.relational.TVFKRelation" oid="D262AC4F-7582-1FB3-5463-3D6F3752736F" otype="FKIndexAssociation" vid_source="93D1D593-217B-F5CB-DA0D-9F5AE3976124" vid_target="55D4F560-2881-632C-AAC8-F7D8F0D629BB">
<hideElementsInCurrentOnly>false</hideElementsInCurrentOnly>
<backgroundColor>-16777216</backgroundColor>
<lineWidth>1</lineWidth>
<points>
<point x="736" y="281"/>
<point x="823" y="281"/>
</points>
</Connector>
</connectors>
</Diagram>