<?xml version = '1.0' encoding = 'UTF-8'?>
<FKIndexAssociation class="oracle.dbtools.crest.model.design.relational.FKIndexAssociation" directorySegmentName="seg_0" id="2B405602-6D84-27A6-9238-9E4F940AD816" containerWithKeyObject="CBB250CA-1DA9-41C6-8675-DF0A6CE7CEB7" localFKIndex="892F0A7F-B333-8CAE-C1EF-770ABA1A5F5F" name="T_FINANCAS_P_T_USUARIO_FK">
<createdBy>Christian</createdBy>
<createdTime>2022-11-13 21:18:28 UTC</createdTime>
<generatorID>B648D72B-0561-F45D-C495-E7984A3D3A73</generatorID>
<ownerDesignName>datamodeler_cap7_fase3_fiap</ownerDesignName>
<referredTableLongName>T_USUARIO</referredTableLongName>
<deleteRule>NO ACTION</deleteRule>
<referredTableID>7618768D-FA52-82F3-74AA-B7FA098F5E18</referredTableID>
<keyObject>EBD28B67-6A16-DFBA-854C-80F9E4F182E2</keyObject>
<referredKeyID>EBD28B67-6A16-DFBA-854C-80F9E4F182E2</referredKeyID>
<mandatory>true</mandatory>
<refColNames>cd_usuario</refColNames>
<transferable>true</transferable>
<rely>false</rely>
<columnDependencyConstraintGenerateInDDL>true</columnDependencyConstraintGenerateInDDL>
</FKIndexAssociation>