<?xml version = '1.0' encoding = 'UTF-8'?>
<FKIndexAssociation class="oracle.dbtools.crest.model.design.relational.FKIndexAssociation" directorySegmentName="seg_0" id="4EE3C06A-A5AC-4A30-0F2A-2BB4500E45FD" containerWithKeyObject="B38FD6D9-7C03-F65B-D1B6-1C6C9B398E44" localFKIndex="E18BDFC4-FEDD-85F7-DACF-006FBEFC47F4" name="T_CONTAS_C_T_USUARIO_FK">
<createdBy>Christian</createdBy>
<createdTime>2022-11-13 21:18:28 UTC</createdTime>
<generatorID>DD469F14-4E97-269D-0788-92F6CCAAB51C</generatorID>
<ownerDesignName>datamodeler_cap7_fase3_fiap</ownerDesignName>
<referredTableLongName>T_USUARIO</referredTableLongName>
<deleteRule>NO ACTION</deleteRule>
<referredTableID>7618768D-FA52-82F3-74AA-B7FA098F5E18</referredTableID>
<keyObject>EBD28B67-6A16-DFBA-854C-80F9E4F182E2</keyObject>
<referredKeyID>EBD28B67-6A16-DFBA-854C-80F9E4F182E2</referredKeyID>
<mandatory>true</mandatory>
<refColNames>cd_usuario</refColNames>
<transferable>true</transferable>
<rely>false</rely>
<columnDependencyConstraintGenerateInDDL>true</columnDependencyConstraintGenerateInDDL>
</FKIndexAssociation>