<?xml version = '1.0' encoding = 'UTF-8'?>
<FKIndexAssociation class="oracle.dbtools.crest.model.design.relational.FKIndexAssociation" directorySegmentName="seg_0" id="CC0AFCF7-1836-1063-2797-AE657AC0EC7C" containerWithKeyObject="6EC82C0A-9A92-32A2-0595-707CFAF5113C" localFKIndex="090AA9F6-CC73-CB52-CB8D-444985F63134" name="T_EXTRATOS_T_CONTAS_C_FK">
<createdBy>Christian</createdBy>
<createdTime>2022-11-13 21:18:28 UTC</createdTime>
<generatorID>43DD166C-6A3D-1B0C-263E-0B5FD8DB1BF6</generatorID>
<ownerDesignName>datamodeler_cap7_fase3_fiap</ownerDesignName>
<referredTableLongName>T_CONTAS</referredTableLongName>
<deleteRule>NO ACTION</deleteRule>
<referredTableID>B38FD6D9-7C03-F65B-D1B6-1C6C9B398E44</referredTableID>
<keyObject>71CC6B24-D832-6D4C-B150-70D1FE1A9281</keyObject>
<referredKeyID>71CC6B24-D832-6D4C-B150-70D1FE1A9281</referredKeyID>
<mandatory>false</mandatory>
<refColNames>cd_conta,T_USUARIO_cd_usuario,cd_banco</refColNames>
<transferable>true</transferable>
<rely>false</rely>
<columnDependencyConstraintGenerateInDDL>true</columnDependencyConstraintGenerateInDDL>
</FKIndexAssociation>