<?xml version = '1.0' encoding = 'UTF-8'?>
<FKIndexAssociation class="oracle.dbtools.crest.model.design.relational.FKIndexAssociation" directorySegmentName="seg_0" id="D262AC4F-7582-1FB3-5463-3D6F3752736F" containerWithKeyObject="71FE3956-23A6-9EA1-71C3-A20A45D9EF00" localFKIndex="21DD5034-934B-6E72-C9E1-4EE120541F8A" name="T_INVESTIMENTOS_T_CONTAS_C_FK">
<createdBy>Christian</createdBy>
<createdTime>2022-11-13 21:18:28 UTC</createdTime>
<generatorID>BC709A94-595E-BF70-711B-32E70FAC2480</generatorID>
<ownerDesignName>datamodeler_cap7_fase3_fiap</ownerDesignName>
<referredTableLongName>T_CONTAS</referredTableLongName>
<deleteRule>NO ACTION</deleteRule>
<referredTableID>B38FD6D9-7C03-F65B-D1B6-1C6C9B398E44</referredTableID>
<keyObject>71CC6B24-D832-6D4C-B150-70D1FE1A9281</keyObject>
<referredKeyID>71CC6B24-D832-6D4C-B150-70D1FE1A9281</referredKeyID>
<mandatory>true</mandatory>
<refColNames>cd_conta,T_USUARIO_cd_usuario,cd_banco</refColNames>
<transferable>true</transferable>
<rely>false</rely>
<columnDependencyConstraintGenerateInDDL>true</columnDependencyConstraintGenerateInDDL>
</FKIndexAssociation>